id;tracking_code;date;details
1;yahoo;2023-11-16T18:28:08;yippee gladly sympathetically
2;speedily understated;2023-11-17T10:39:49;thorough
3;forenenst sense how;2023-11-16T16:49:18;silently nervously secede
4;unlike sock except;2023-11-16T18:29:56;gee beside
5;between;2023-11-16T18:50:53;compartmentalize
6;yippee if at;2023-11-16T23:31:29;till meanwhile betray
7;who behind;2023-11-17T06:21:42;worth huzzah easily
8;since cover trot;2023-11-17T13:04:19;yahoo
9;fair;2023-11-16T19:15:16;oddball calmly
10;motorcar victorious;2023-11-16T20:01:09;acclaim agreeable
